{"loss": [1.367005467414856, 0.4405062794685364, 0.26867398619651794, 0.18573176860809326, 0.13642437756061554, 0.10912726819515228, 0.08789550513029099, 0.07597281783819199, 0.0639609843492508, 0.056159622967243195], "accuracy": [0.597538948059082, 0.8599900603294373, 0.9141474962234497, 0.9395120739936829, 0.9543068408966064, 0.964762806892395, 0.9707660675048828, 0.9755459427833557, 0.9789458513259888, 0.9815492033958435], "val_loss": [0.4390919506549835, 0.37280991673469543, 0.2026614099740982, 0.14756378531455994, 0.21455001831054688, 0.16316139698028564, 0.14432348310947418, 0.13172006607055664, 0.1476912945508957, 0.12700240314006805], "val_accuracy": [0.8596141934394836, 0.8778808116912842, 0.9365503787994385, 0.9545894265174866, 0.9349001049995422, 0.9485005140304565, 0.9577192068099976, 0.961304247379303, 0.956865668296814, 0.9633528590202332]}